region_url,villes_url,region,villes,"coordinates (lat,lon)"
alsace,"['strasbourg', 'colmar', 'haguenau', 'mulhouse', 'selestat', 'niederbronn-les-bains', 'obernai', 'ribeauville', 'schiltigheim', 'altkirch', 'bischwiller', 'cernay', 'guebwiller', 'ingwiller', 'lembach', 'munster', 'saint-louis', 'saverne', 'soufflenheim', 'wissembourg']",Alsace,"['strasbourg', 'colmar', 'haguenau', 'mulhouse', 'sélestat', 'niederbronn-les-bains', 'obernai', 'ribeauvillé', 'schiltigheim', 'altkirch', 'bischwiller', 'cernay', 'guebwiller', 'ingwiller', 'lembach', 'munster', 'saint-louis', 'saverne', 'soufflenheim', 'wissembourg']","[(48.584614, 7.7507127), (48.0777517, 7.3579641), (48.8172236, 7.7885978), (47.7467, 7.3389275), (48.2594396, 7.454217), (48.9510314, 7.6421767), (48.4623358, 7.4817123), (48.1924602, 7.3248871), (48.6047148, 7.7484488), (47.6238204, 7.2401542), (48.7682281, 7.8597466), (49.0211111, 0.325), (47.9094629, 7.2113271), (48.8718112, 7.4798581), (49.0036278, 7.7899564), (51.9625101, 7.6251879), (38.6268039, -90.1994097), (48.7419909, 7.3625953), (48.8306043, 7.9636887), (49.0365935, 7.9445109)]"
aquitaine,"['bordeaux', 'bayonne', 'biarritz', 'pau-bearn', 'sarlat', 'arcachon', 'anglet', 'bergerac', 'bidart', 'biscarrosse', 'cambo-les-bains', 'cap-ferret', 'capbreton', 'dax', 'hendaye', 'hossegor', 'lacanau', 'mont-de-marsan-landes', 'marmande', 'merignac', 'mimizan', 'mios', 'mont-de-marsan', 'orthez', 'perigord-dordogne', 'perigueux', 'pessac', 'saint-jean-de-luz', 'salies-de-bearn', 'seignosse', 'soulac', 'talence', 'villeneuve-sur-lot', 'andernos-les-bains', 'audenge', 'bazas', 'biganos', 'blaye', 'boucau', 'carcans', 'casteljaloux', 'coutras', 'fumel', 'guethary', 'gujan-mestras', 'hagetmau', 'hasparren', 'hourtin', 'la-reole', 'la-teste-de-buch', 'lanton', 'laruns', 'le-barp', 'le-porge', 'le-teich', 'lesparre-medoc', 'libourne', 'montpon-menesterol', 'morcenx', 'nerac', 'oloron-sainte-marie', 'parentis-en-born', 'pauillac', 'pontenx-les-forges', 'riberac', 'saint-estephe', 'saint-jean-pied-de-port', 'saint-martin-de-seignanx', 'saint-pee-sur-nivelle', 'saint-sever', 'sanguinet', 'soustons', 'tarnos', 'terrasson-lavilledieu', 'tonneins', 'vielle-saint-girons', 'vieux-boucau-les-bains']",Aquitaine,"['bordeaux', 'bayonne', 'biarritz', 'pau', 'sarlat', 'arcachon', 'anglet', 'bergerac', 'bidart', 'biscarrosse', 'cambo-les-bains', 'le-cap-ferret', 'capbreton', 'dax', 'hendaye', 'hossegor', 'lacanau', 'les-landes', 'marmande', 'mérignac', 'mimizan', 'mios', 'mont-de-marsan', 'orthez', 'périgord---dordogne', 'périgueux', 'pessac', 'saint-jean-de-luz', 'salies-de-bearn', 'seignosse', 'soulac', 'talence', 'villeneuve-sur-lot', 'andernos-les-bains', 'audenge', 'bazas', 'biganos', 'blaye', 'boucau', 'carcans', 'casteljaloux', 'coutras', 'fumel', 'guethary', 'gujan-mestras', 'hagetmau', 'hasparren', 'hourtin', 'la-reole', 'la-teste-de-buch', 'lanton', 'laruns', 'le-barp', 'le-porge', 'le-teich', 'lesparre-médoc', 'libourne', 'montpon-menesterol', 'morcenx', 'nérac', 'oloron-sainte-marie', 'parentis-en-born', 'pauillac', 'pontenx-les-forges', 'riberac', 'saint-estephe', 'saint-jean-pied-de-port', 'saint-martin-de-seignanx', 'saint-pée-sur-nivelle', 'saint-sever', 'sanguinet', 'soustons', 'tarnos', 'terrasson-lavilledieu', 'tonneins', 'vielle-saint-girons', 'vieux-boucau-les-bains']","[(44.841225, -0.5800364), (43.4933379, -1.475099), (43.471143749999996, -1.552726590666314), (43.2957547, -0.3685668), (44.8879431, 1.2161321), (44.6539428, -1.1755714), (43.4813927, -1.5149935), (44.8534568, 0.487531), (43.4391702, -1.5898909), (44.3907065, -1.1609361), (43.3609139, -1.3994687), (44.6308885, -1.249812), (43.6416748, -1.4327968), (43.7080596, -1.0533076), (43.3641518, -1.7616499), (42.6722942, 3.0305966), (44.9776088, -1.0784851), (46.1014333, 6.7549952), (44.5007939, 0.164274), (44.8422361, -0.6469599), (44.2019796, -1.2309278), (44.6045208, -0.9349464), (43.8911318, -0.500972), (43.4874963, -0.7738363), (45.5449404, 1.0413194), (45.1909365, 0.7184407), (44.805615, -0.6308396), (43.3870763, -1.6635695), (43.4703515, -0.9234025), (43.68866, -1.37328), (44.8206636, 0.0526303), (44.8088438, -0.5879629), (44.4056615, 0.7046455), (44.7476897, -1.0925184), (44.6883648, -1.0198568), (44.4320456, -0.2126009), (44.6440908, -0.9696271), (45.1271231, -0.6635964), (43.5236127, -1.4857538), (45.0796259, -1.0439593), (44.3135784, 0.0882703), (45.0409876, -0.1286261), (44.4966624, 0.9684626), (43.423001, -1.6062693), (44.6338602, -1.0845304), (43.65506, -0.59393), (43.38388, -1.3049538), (45.1861565, -1.0575334), (44.5821161, -0.0350566), (44.6316943, -1.1491319), (44.7035574, -1.0360314), (42.9882368, -0.4266324), (44.6063662, -0.7697752), (44.8727944, -1.0927165), (44.6307705, -1.0260126), (45.3081854, -0.9379402), (44.9133742, -0.2427217), (45.01624955, 0.15672815508290233), (44.0323042, -0.9113736), (44.1353979, 0.3392503), (43.1922408, -0.6115586), (44.3508886, -1.0691145), (45.1995626, -0.7484994), (44.240034, -1.1209313), (45.2478033, 0.3398094), (45.5925, 0.6633333), (43.1629528, -1.2380528), (43.5415353, -1.3870972), (43.3557594, -1.5504787), (43.757456, -0.574187), (44.4834776, -1.0759377), (43.75079, -1.32955), (43.5405622, -1.4611915), (45.1292139, 1.3018796), (44.3905556, 0.3091667), (43.9444643, -1.322353203579857), (43.7854047, -1.4044029)]"
ardeche,"['privas', 'annonay', 'vallon-pont-darc', 'vals-les-bains', 'vog-e', 'balazuc', 'orgnac-laven', 'parc-naturel-regional-des-monts-dardeche', 'tournon-sur-rh-ne', 'viviers', 'aubenas']",Ardèche,"['privas', 'annonay', ""vallon-pont-d'arc"", 'vals-les-bains', 'vogüé', 'balazuc', ""orgnac-l'aven"", ""le-parc-naturel-régional-des-monts-d'ardèche"", 'tournon-sur-rhône', 'viviers', 'aubenas']","[(44.7352708, 4.5986733), (45.2399639, 4.6675475), (44.4048, 4.39289), (44.6553304, 4.365739), (44.5497298, 4.4156504), (44.5092291, 4.3728494), (44.3055791, 4.4333406), (44.689066249999996, 4.298026818277805), (45.0675156, 4.832852), (48.8912366, 6.4343826), (44.6205476, 4.3902399)]"
auvergne,"['clermont-ferrand', 'aurillac', 'moulins-allier', 'puy-en-velay-haute-loire', 'vichy', 'besse-et-saint-anastaise', 'issoire', 'mont-dore', 'montlucon', 'saint-nectaire', 'ambert', 'aurec-sur-loire', 'brioude', 'brives-charensac', 'commentry', 'cournon-dauvergne', 'courpiere', 'gannat', 'langeac', 'lapalisse', 'lurcy-levis', 'mauriac', 'maurs', 'monistrol-sur-loire', 'riom', 'riom-es-montagnes', 'saint-eloy-les-mines', 'saint-flour', 'saint-just-malmont', 'saint-pourcain-sur-sioule', 'sainte-sigolene', 'saugues', 'thiers', 'vallon-en-sully', 'varennes-sur-allier', 'yssingeaux']",Auvergne,"['clermont-ferrand', 'aurillac', 'moulins', 'le-puy-en-velay', 'vichy', 'besse-et-saint-anastaise', 'issoire', 'mont-dore', 'montluçon', 'saint-nectaire', 'ambert', 'aurec-sur-loire', 'brioude', 'brives-charensac', 'commentry', ""cournon-d'auvergne"", 'courpiere', 'gannat', 'langeac', 'lapalisse', 'lurcy-levis', 'mauriac', 'maurs', 'monistrol-sur-loire', 'riom', 'riom-es-montagnes', 'saint-eloy-les-mines', 'saint-flour', 'saint-just-malmont', 'saint-pourcain-sur-sioule', 'sainte-sigolène', 'saugues', 'thiers', 'vallon-en-sully', 'varennes-sur-allier', 'yssingeaux']","[(45.7774551, 3.0819427), (44.9285441, 2.4433101), (49.4217, 3.6847), (45.0459739, 3.8855537), (46.1239268, 3.4203712), (45.5115738, 2.9329614), (45.5432973, 3.2502213), (45.5749966, 2.8094117), (46.3399276, 2.6067229), (45.5885273, 2.9924563), (45.5504338, 3.742639), (45.3698465, 4.2008542), (45.2952895, 3.3843304), (45.0474, 3.92197), (46.290103, 2.74398), (45.739114, 3.1961893), (45.7559617, 3.5325463), (46.0996068, 3.1995251), (45.1001248, 3.4941798), (46.2488636, 3.6324006), (46.732376, 2.9378711), (44.7450537, -0.0289804), (44.7101307, 2.198675), (45.2926341, 4.1727546), (45.893068, 3.1136667), (45.2832492, 2.6594544), (46.1611691, 2.8345577), (45.7084425, 3.5026164), (45.3397467, 4.3134369), (46.3074423, 3.2899107), (45.2424978, 4.2360263), (44.959244, 3.5446108), (45.855795, 3.5489707), (46.5375, 2.60656), (46.3127469, 3.4033756), (45.1435556, 4.1244363)]"
bourgogne,"['dijon', 'auxerre', 'macon', 'nevers-nievre', 'beaune', 'chablis', 'tonnerre', 'vezelay', 'autun', 'auxonne', 'avallon', 'bourbon-lancy', 'chagny', 'chalon-sur-sa-ne', 'champigny', 'chateau-chinonville', 'ch-tillon-sur-seine', 'clamecy', 'cluny', 'corbigny', 'cosne-cours-sur-loire', 'decize', 'joigny', 'la-charite-sur-loire', 'le-creusot', 'montbard', 'montceau-les-mines', 'nuits-saint-georges', 'semur-en-auxois', 'sens']",Bourgogne,"['dijon', 'auxerre', 'macon', 'nevers', 'beaune', 'chablis', 'tonnerre', 'vézelay', 'autun', 'auxonne', 'avallon', 'bourbon-lancy', 'chagny', 'chalon-sur-saône', 'champigny', 'chateau-chinon', 'châtillon-sur-seine', 'clamecy', 'cluny', 'corbigny', 'cosne-cours-sur-loire', 'decize', 'joigny', 'la-charité-sur-loire', 'le-creusot', 'montbard', 'montceau-les-mines', 'nuits-saint-georges', 'semur-en-auxois', 'sens']","[(47.3215806, 5.0414701), (47.7961287, 3.570579), (46.3036683, 4.8322266), (46.9876601, 3.1577203), (47.0239064, 4.8380426), (47.8152073, 3.8001657), (47.8564662, 3.9733033), (47.4651584, 3.7470627), (46.9510313, 4.2989478), (47.1918055, 5.3896795), (47.4885365, 3.9070658), (46.6193905, 3.7737674), (46.910578, 4.7523461), (46.7888997, 4.8529605), (49.2683007, 3.9671604), (47.0643977, 3.9330028), (47.8607467, 4.5749139), (49.4286111, 3.3619444), (46.4339138, 4.6575708), (47.2574315, 3.6843003), (47.4115613, 2.9273937), (46.8284259, 3.4616097), (47.9812486, 3.3995767), (47.1793255, 3.0185784), (46.8054064, 4.4285961), (47.6241674, 4.3373194), (46.6740455, 4.3631681), (47.134979, 4.9540989), (47.4902149, 4.3328705), (48.1978559, 3.282606)]"
bretagne,"['rennes', 'brest', 'saint-brieuc-cotes-darmor', 'saint-malo', 'vannes', 'belle-ile-en-mer', 'benodet', 'carnac', 'concarneau', 'dinan', 'dinard', 'douarnenez', 'erquy', 'fouesnant', 'ile-de-molene', 'ile-de-sein', 'ile-de-brehat', 'la-presquile-de-quiberon', 'lannion', 'lorient', 'morlaix', 'paimpol', 'perros-guirec', 'quimper', 'roscoff', 'auray', 'bain-de-bretagne', 'baud', 'binic', 'camaret-sur-mer', 'cancale', 'carhaix-plouguer', 'ch-teaubourg', 'ch-teaulin', 'combourg', 'crozon', 'dol-de-bretagne', 'fougeres', 'gourin', 'groix', 'guer', 'guilvinec', 'guingamp', 'hede-bazouges', 'janze', 'la-gacilly', 'la-guerche-de-bretagne', 'lamballe', 'landerneau', 'lanester', 'larmor-plage', 'lesneven', 'locmine', 'locquemeau', 'locquirec', 'loctudy', 'louannec', 'loudeac', 'moelan-sur-mer', 'montauban-de-bretagne', 'mur-de-bretagne', 'muzillac', 'paimpont', 'pleneuf-val-andre', 'plerin', 'ploemeur', 'ploermel', 'plogoff', 'plouay', 'ploudalmezeau', 'plouescat', 'plougasnou', 'plougastel-daoulas', 'plougrescant', 'plouguerneau', 'plouhinec', 'plouzane', 'pontivy', 'pordic', 'questembert', 'quimperle', 'redon', 'rostrenen', 'saint-andre-des-eaux', 'saint-cast-le-guildo', 'saint-lunaire', 'saint-meen-le-grand', 'saint-pol-de-leon', 'saint-quay-portrieux', 'sarzeau', 'trebeurden', 'tregastel', 'vitre']",Bretagne,"['rennes', 'brest', 'saint-brieuc', 'saint-malo', 'vannes', 'belle-île-en-mer', 'bénodet', 'carnac', 'concarneau', 'dinan', 'dinard', 'douarnenez', 'erquy', 'fouesnant', ""l'île-de-molène"", ""l'île-de-sein"", ""l'île-de-bréhat"", ""la-presqu'île-de-quiberon"", 'lannion', 'lorient', 'morlaix', 'paimpol', 'perros-guirec', 'quimper', 'roscoff', 'auray', 'bain-de-bretagne', 'baud', 'binic', 'camaret-sur-mer', 'cancale', 'carhaix-plouguer', 'châteaubourg', 'châteaulin', 'combourg', 'crozon', 'dol-de-bretagne', 'fougères', 'gourin', 'groix', 'guer', 'guilvinec', 'guingamp', 'hédé-bazouges', 'janzé', 'la-gacilly', 'la-guerche-de-bretagne', 'lamballe', 'landerneau', 'lanester', 'larmor-plage', 'lesneven', 'locminé', 'locquemeau', 'locquirec', 'loctudy', 'louannec', 'loudéac', 'moëlan-sur-mer', 'montauban-de-bretagne', 'mûr-de-bretagne', 'muzillac', 'paimpont', 'pléneuf-val-andré', 'plérin', 'ploemeur', 'ploërmel', 'plogoff', 'plouay', 'ploudalmézeau', 'plouescat', 'plougasnou', 'plougastel-daoulas', 'plougrescant', 'plouguerneau', 'plouhinec', 'plouzane', 'pontivy', 'pordic', 'questembert', 'quimperlé', 'redon', 'rostrenen', 'saint-andré-des-eaux', 'saint-cast-le-guildo', 'saint-lunaire', 'saint-méen-le-grand', 'saint-pol-de-léon', 'saint-quay-portrieux', 'sarzeau', 'trébeurden', 'tregastel', 'vitré']","[(48.1113387, -1.6800198), (48.3905283, -4.4860088), (48.5141594, -2.7602707), (48.6454528, -2.015418), (47.6586772, -2.7599079), (47.33398075, -3.1974581958864934), (47.8746373, -4.1109828), (47.5836629, -3.0794428), (47.8757017, -3.9223889), (48.4539775, -2.047687), (48.6320379, -2.0580178), (48.0944459, -4.3311243), (48.6286582, -2.4642309), (47.8945402, -4.0115365), (47.2666778, -1.4737789), (48.043574199999995, -4.866879347131148), (48.8484341, -2.9988384), (47.506321650000004, -3.1350182305566436), (48.7322183, -3.4587994), (47.7477336, -3.3660907), (48.5824932, -3.8331972), (48.7794818, -3.0484022), (48.8151133, -3.4394662), (47.9960325, -4.1024782), (48.7256346, -3.9829033), (47.6664485, -2.9833718), (47.8414377, -1.6852229), (47.8758768, -3.0199362), (48.6007887, -2.8248754), (48.2772747, -4.5968963), (48.6771721, -1.8506953), (48.2764997, -3.5711477), (48.1108554, -1.3982411), (48.1968026, -4.0916875), (48.4104391, -1.7500622), (48.2463989, -4.4894463), (48.5489772, -1.7521005), (48.3503362, -1.1958526), (48.1385797, -3.6042254), (47.636874500000005, -3.460825625514793), (47.9036655, -2.1221276), (47.7952863, -4.283314), (48.5618483, -3.1502007), (48.2958022, -1.8022682), (47.9556915, -1.495366), (47.772628850000004, -2.1519418829005823), (47.9426332, -1.231454), (48.46244615, -2.516502292079859), (48.4514803, -4.2557901), (47.7639726, -3.3444489), (47.7147553, -3.376302), (48.5718493, -4.3235917), (47.8874274, -2.8362402), (48.7230989, -3.5634145), (48.68943, -3.6540861), (47.8316473, -4.1750385), (48.7939968, -3.4119987), (48.1762534, -2.7535644), (47.8133996, -3.6309833), (48.1998838, -2.0462319), (48.1960984, -2.9826182529094267), (47.5553035, -2.4842784), (48.0193594, -2.1735324), (48.5839267, -2.535957), (48.5348817, -2.7695752), (47.8411013, -4.2835502), (47.9323786, -2.39808), (48.0377367, -4.6662622), (47.9181255, -3.3470319507258073), (48.5410278, -4.6576826), (48.6572057, -4.1743159), (48.6959132, -3.7922304), (48.3742317, -4.369679), (48.8412155, -3.2284425), (48.6063358, -4.506818), (48.0117017, -4.489855009336425), (48.3817165, -4.6212044), (48.0647729, -2.9675702), (48.56955725, -2.8189686278528208), (47.6604074, -2.4527138), (47.8692383, -3.5512386), (47.6510682, -2.0842143), (48.237574, -3.316142), (48.3711691, -2.0087518), (48.607686900000004, -2.2501856094203374), (48.6354993, -2.1090269), (48.1894709, -2.1911338), (48.6849601, -3.9868641), (48.6521014, -2.8306322), (47.5287694, -2.7641997), (48.7694756, -3.5626633), (48.8267628, -3.5112796), (48.1244503, -1.214331)]"
centre,"['orleans', 'blois', 'bourges', 'chartres', 'chateauroux', 'amboise', 'ch-teaux-de-la-loire', 'chinon', 'loches', 'sancerre', 'tours', 'vierzon', 'zoo-de-beauval', 'bonneval', 'ch-teaudun', 'dreux', 'epernon', 'gien', 'issoudun', 'le-blanc-parc-naturel-de-la-brenne', 'malesherbes', 'montargis', 'montoire-sur-le-loir', 'nogent-le-rotrou', 'romorantin', 'saint-amand-montrond', 'salbris', 'sully-sur-loire', 'vendome']",Centre,"['orléans', 'blois', 'bourges', 'chartres', 'chateauroux', 'amboise', 'châteaux-de-la-loire', 'chinon', 'loches', 'sancerre', 'tours', 'vierzon', 'le-zoo-de-beauval', 'bonneval', 'châteaudun', 'dreux', 'epernon', 'gien', 'issoudun', 'le-blanc', 'malesherbes', 'montargis', 'montoire-sur-le-loir', 'nogent-le-rotrou', 'romorantin', 'saint-amand-montrond', 'salbris', 'sully-sur-loire', 'vendome']","[(45.4810323, -75.5100002), (47.5876861, 1.3337639), (47.0805693, 2.398932), (48.4438601, 1.4881434), (46.8203785, 1.6770956), (47.4110351, 0.983698), (47.3919819, 0.6871821), (47.1667182, 0.2402095), (47.1281692, 0.9979549), (47.3307251, 2.8390333), (47.3900474, 0.6889268), (47.2217489, 2.0691421), (47.24648705, 1.348101018896584), (48.1821181, 1.3861056), (48.0702298, 1.3284948), (48.7358807, 1.3684254), (48.6101745, 1.677222), (47.6918575, 2.6313889), (46.9477826, 1.9889131), (46.633292, 1.062694), (48.2865494, 2.3972819567297945), (47.9990047, 2.7364119), (47.7527662, 0.8621777), (48.321809, 0.8211488), (47.358297, 1.7449838), (46.7227062, 2.5046503), (47.4263067, 2.0525364), (47.7654098, 2.3738968), (47.7934453, 1.0662256)]"
champagne-ardenne,"['reims', 'chalons-en-champagne-marne', 'charleville-mezieres-ardennes', 'chaumont-haute-marne', 'troyes', 'epernay', 'langres', 'sedan', 'bar-sur-aube', 'fismes', 'fumay', 'givet', 'joinville', 'mourmelon-le-grand', 'nogent-sur-seine', 'nouzonville', 'rethel', 'revin-parc-naturel-des-ardennes', 'romilly-sur-seine', 'saint-dizier', 'sainte-menehould', 'sezanne', 'suippes', 'vitry-le-francois', 'vouziers']",Champagne-Ardenne,"['reims', 'châlons-en-champagne', 'charleville-mézières', 'chaumont', 'troyes', 'épernay', 'langres', 'sedan', 'bar-sur-aube', 'fismes', 'fumay', 'givet', 'joinville', 'mourmelon-le-grand', 'nogent-sur-seine', 'nouzonville', 'rethel', 'revin', 'romilly-sur-seine', 'saint-dizier', 'sainte-menehould', 'sezanne', 'suippes', 'vitry-le-françois', 'vouziers']","[(49.2577886, 4.031926), (48.9566218, 4.3628851), (49.7735712, 4.7206939), (48.1111324, 5.1395849), (48.2971626, 4.0746257), (49.042561, 3.9528655), (47.8655638, 5.3314162), (49.7033759, 4.9433409), (48.2332047, 4.7058337), (49.3072449, 3.6802774), (49.9910213, 4.7052616), (50.1362582, 4.8248698), (48.4426265, 5.1412535), (49.1373278, 4.3660294), (48.492439, 3.4978181), (49.814437, 4.7445678), (49.5091447, 4.3666467), (49.9421221, 4.6374643), (48.5195734, 3.7264161), (48.6371125, 4.9473513), (49.0904192, 4.8967637), (48.7248752, 3.7263127), (49.1308493, 4.531783), (48.7262225, 4.5851622), (49.40228705, 4.723819262037698)]"
corse,"['ajaccio', 'bastia', 'bonifacio', 'calvi', 'porto-vecchio', 'afa', 'aleria', 'cap-corse', 'corte', 'figari', 'ile-rousse', 'moriani-plage', 'ota', 'propriano', 'saint-florent', 'zonza', 'alata', 'brando', 'calenzana', 'cargese', 'furiani', 'ghisonaccia', 'grosseto-prugna', 'linguizzetta', 'morosaglia', 'oletta', 'pietrosella', 'prunelli-di-fiumorbo', 'san-martino-di-lota', 'sari-solenzara', 'sarrola-carcopino', 'sartene', 'ventiseri', 'vescovato']",Corse,"['ajaccio', 'bastia', 'bonifacio', 'calvi', 'porto-vecchio', 'afa', 'aléria', 'cap-corse', 'corte', 'figari', ""l'île-rousse"", 'moriani-plage', 'ota', 'propriano', 'saint-florent', 'zonza', 'alata', 'brando', 'calenzana', 'cargèse', 'furiani', 'ghisonaccia', 'grosseto-prugna', 'linguizzetta', 'morosaglia', 'oletta', 'pietrosella', 'prunelli-di-fiumorbo', 'san-martino-di-lota', 'sari-solenzara', 'sarrola-carcopino', 'sartène', 'ventiseri', 'vescovato']","[(41.9263991, 8.7376029), (42.7065505, 9.452542), (41.3878259, 9.1606179), (42.5638369, 8.7507502), (41.5921091, 9.2761531), (41.9838088, 8.7966629), (42.1135718, 9.5144732), (42.84897375, 9.403240374021145), (42.3052904, 9.1511935), (40.9881678, 9.555784228549339), (42.6344797, 8.9381367), (42.3733641, 9.5302074), (-45.1299859, 169.5248818), (41.6758995, 8.9040385), (42.681295, 9.3024991), (41.7493663, 9.1706374), (41.9768323, 8.7433833), (42.77713115, 9.44667296013463), (42.5083711, 8.8552855), (42.13436, 8.59422), (42.6584811, 9.4151285), (42.0149385, 9.40536), (41.881594050000004, 8.818055732027885), (42.26369, 9.47299), (42.4368399, 9.304545), (42.6320692, 9.3579044), (41.8353888, 8.8459949), (42.0105024, 9.3246227), (42.7363431, 9.4377499), (41.8164422, 9.34513684948039), (41.99819295, 8.831373535819166), (41.6208848, 8.9721882), (41.9431721, 9.3331152), (42.4936573, 9.4387142)]"
franche-comte,"['besancon', 'belfort', 'montbeliard', 'vesoul', 'jura', 'arbois', 'lons-le-saunier', 'morteau', 'pontarlier', 'rousses', 'baume-les-dames', 'champagnole', 'clairvaux-les-lacs', 'dole', 'fougerolles', 'giromagny', 'gray', 'jougne', 'jussey', 'lavans-les-saint-claude', 'longchaumois', 'lure', 'luxeuil-les-bains', 'moirans-en-montagne', 'morez', 'orgelet', 'ornans', 'pont-de-roide-vermondans', 'ronchamp', 'saint-amour', 'saint-claude', 'saint-loup-sur-semouse', 'saint-vit', 'salins-les-bains', 'tavaux', 'valdahon']",Franche-Comté,"['besançon', 'belfort', 'montbéliard', 'vesoul', 'le-jura', 'arbois', 'lons-le-saunier', 'morteau', 'pontarlier', 'les-rousses', 'baume-les-dames', 'champagnole', 'clairvaux-les-lacs', 'dole', 'fougerolles', 'giromagny', 'gray', 'jougne', 'jussey', 'lavans-les-saint-claude', 'longchaumois', 'lure', 'luxeuil-les-bains', 'moirans-en-montagne', 'morez', 'orgelet', 'ornans', 'pont-de-roide-vermondans', 'ronchamp', 'saint-amour', 'saint-claude', 'saint-loup-sur-semouse', 'saint-vit', 'salins-les-bains', 'tavaux', 'valdahon']","[(47.2380222, 6.0243622), (47.6379599, 6.8628942), (47.5102368, 6.7977564), (47.6197395, 6.1544694), (46.783362499999996, 5.783285726354901), (46.9032368, 5.7727084), (46.6739021, 5.5586167), (47.0569367, 6.6047189), (46.9040348, 6.3546345), (46.4925035, 6.0705476), (47.3526707, 6.3614622), (46.7456049, 5.9083581), (46.5740471, 5.7477228), (47.0921047, 5.4925463), (47.902459, 6.416006243289244), (47.7418553, 6.8251787), (47.4455642, 5.5919867), (46.763023, 6.3883634), (47.8251954, 5.9029154), (46.3944397, 5.782259855612941), (46.4614, 5.9317), (47.6863376, 6.4946806), (47.817177, 6.3808865), (46.431063, 5.7255731), (46.5203285, 6.0235486), (46.5205835, 5.6109831), (47.09472425, 6.151746304484529), (47.3864496, 6.7690738), (47.7002959, 6.632869), (46.4358751, 5.3421832), (46.3877989, 5.8641501), (47.8849389, 6.2731365), (47.1811265, 5.8100016), (46.9404794, 5.8786339), (47.0371, 5.40338), (47.1506866, 6.3414396)]"
ile-de-re,"['saint-martin-de-re', 'ars-en-re', 'sainte-marie-de-re']",Île de Ré,"['saint-martin-de-re', 'ars-en-ré', 'sainte-marie-de-re']","[(46.2016893, -1.3681861), (46.208056, -1.515833), (46.1491638, -1.3115373)]"
ile-de-france,"['paris', 'cergy', 'fontainebleau', 'melun', 'versailles', 'disneyland-paris', 'antony', 'bussy-saint-georges', 'ch-tenay-malabry', 'chaville', 'evry-essonne', 'montmorency', 'nanterre', 'noisy-le-sec', 'parc-asterix', 'provins', 'argenteuil', 'boulogne-billancourt', 'corbeil-essonnes', 'creteil', 'mantes-la-jolie', 'meaux', 'saint-denis-93', 'saint-germain-en-laye']",Île-de-France,"['paris', 'cergy', 'fontainebleau', 'melun', 'versailles', 'disneyland-paris', 'antony', 'bussy-saint-georges', 'châtenay-malabry', 'chaville', 'évry', 'montmorency', 'nanterre', 'noisy-le-sec', 'parc-astérix', 'provins', 'argenteuil', 'boulogne-billancourt', 'corbeil-essonnes', 'créteil', 'mantes-la-jolie', 'meaux', 'saint-denis', 'saint-germain-en-laye']","[(48.8566969, 2.3514616), (49.0527528, 2.0388736), (48.4049375, 2.7015872), (48.539927, 2.6608169), (48.8035403, 2.1266886), (48.87231975, 2.7755419640677923), (48.753554, 2.2959423), (48.8430257, 2.6973858), (48.7670404, 2.2775316), (48.8086915, 2.1883487), (48.26406, 3.25604), (48.9891693, 2.3197111), (48.8924273, 2.2071267), (48.8897751, 2.4516055), (49.13457545, 2.5721708688462734), (48.5602959, 3.2988089), (48.9479069, 2.2481797), (48.8356649, 2.240206), (48.6137734, 2.4818087), (48.7771486, 2.4530731), (48.9891971, 1.7140683), (48.9582708, 2.8773541), (48.935773, 2.3580232), (48.8990413, 2.0942792)]"
languedoc-roussillon,"['montpellier', 'carcassonne', 'nimes', 'perpignan', 'sete', 'cap-dagde', 'agde', 'ales', 'amelie-les-bains', 'argeles-sur-mer', 'banyuls-sur-mer', 'barcares', 'bedarieux', 'beziers', 'canet-en-roussillon', 'carnon-plage', 'castelnaudary', 'ceret', 'collioure', 'florac-parc-national-des-cevennes', 'frontignan', 'grau-du-roi', 'gruissan', 'la-grande-motte', 'limoux', 'lodeve', 'marseillan', 'mende-lozere', 'narbonne', 'palavas-les-flots', 'port-leucate', 'serignan', 'uzes', 'valras-plage', 'vias-plage', 'aigues-mortes', 'aramon', 'bagnols-sur-ceze', 'beaucaire', 'fourques', 'gignac', 'ille-sur-tet', 'lezignan-corbieres', 'lunel', 'marvejols', 'mauguio', 'meze', 'osseja', 'parc-naturel-regional-du-haut-languedoc', 'pezenas', 'pont-saint-esprit', 'port-la-nouvelle', 'port-vendres', 'rochefort-du-gard', 'saint-cyprien-plage', 'sommieres', 'vic-la-gardiole', 'vinca']",Languedoc-Roussillon,"['montpellier', 'carcassonne', 'nîmes', 'perpignan', 'sète', ""le-cap-d'agde"", 'agde', 'alès', 'amélie-les-bains', 'argelès-sur-mer', 'banyuls-sur-mer', 'le-barcarès', 'bédarieux', 'béziers', 'canet-en-roussillon', 'carnon-plage', 'castelnaudary', 'céret', 'collioure', 'florac', 'frontignan', 'le-grau-du-roi', 'gruissan', 'la-grande-motte', 'limoux', 'lodève', 'marseillan', 'mende', 'narbonne', 'palavas-les-flots', 'port-leucate', 'sérignan', 'uzès', 'valras-plage', 'vias-plage', 'aigues-mortes', 'aramon', 'bagnols-sur-ceze', 'beaucaire', 'fourques', 'gignac', 'ille-sur-têt', 'lezignan-corbieres', 'lunel', 'marvejols', 'mauguio', 'meze', 'osséja', 'parc-naturel-régional-du-haut-languedoc', 'pezenas', 'pont-saint-esprit', 'port-la-nouvelle', 'port-vendres', 'rochefort-du-gard', 'saint-cyprien-plage', 'sommieres', 'vic-la-gardiole', 'vinca']","[(43.6112422, 3.8767337), (43.2130358, 2.3491069), (43.8374249, 4.3600687), (42.6985304, 2.8953121), (43.4014434, 3.6959771), (43.2845374, 3.5117752), (43.3134787, 3.4771629), (44.1253665, 4.0852818), (42.4741898, 2.6653321), (42.5490447, 3.0300793), (42.4794084, 3.1275893), (42.7946794, 3.0335243), (43.6155109, 3.1576143), (43.3426562, 3.2131307), (42.704359, 3.0105105), (43.5469285, 3.9796512), (43.3192021, 1.9533495), (42.485804, 2.7488069), (42.52505, 3.0831554), (44.3238185, 3.5940267), (43.4487615, 3.7530636), (43.5361048, 4.1360255), (43.1050181, 3.086422), (43.5602934, 4.0860137), (43.0538068, 2.2176533), (43.73106, 3.31892), (43.3021197, 0.2138821), (44.5180226, 3.4991057), (43.1837661, 3.0042121), (43.5278137, 3.9315347), (42.8556704, 3.0401439), (43.2830736, 3.2798682), (44.0121279, 4.4196718), (43.2496196, 3.29192), (43.28469955, 3.3875855522646363), (43.613797399999996, 4.218630824536879), (43.8908652, 4.6810542), (44.160481, 4.6235831), (43.8085436, 4.6392648), (43.692905, 4.60931), (43.6522859, 3.5512018), (42.6709665, 2.6224853), (43.2008841, 2.7574981), (43.6745265, 4.1348062), (44.5532621, 3.2901135), (43.6154825, 4.0098366), (43.4245985, 3.5988383), (42.4150541, 1.9811191), (43.5911186, 2.793207414805681), (43.4611777, 3.4228323), (44.2538589, 4.6456631), (43.0203536, 3.046461), (42.5204146, 3.1056167), (43.9738383, 4.6903765), (42.6332052, 3.0324436), (43.7824191, 4.0893472), (43.4869218, 3.7961574), (42.6450647, 2.5287445)]"
limousin,"['limoges', 'aubusson', 'brive-la-gaillarde-correze', 'gueret-creuse', 'tulle', 'argentat', 'collonges-la-rouge', 'oradour-sur-glane', 'ambazac', 'auzances', 'bellac', 'bessines-sur-gartempe', 'bonnat', 'bourganeuf', 'ch-lus-parc-naturel-regional-perigord-limousin', 'chambon-sur-voueize', 'chateauneuf-la-foret', 'egletons', 'eymoutiers', 'felletin', 'la-souterraine', 'le-dorat', 'lubersac', 'meymac', 'rochechouart', 'saint-germain-les-belles', 'saint-junien', 'saint-laurent-sur-gorre', 'saint-leonard-de-noblat', 'saint-yrieix-la-perche', 'treignac-parc-naturel-de-millevaches-en-limousin', 'ussel', 'uzerche']",Limousin,"['limoges', 'aubusson', 'brive-la-gaillarde', 'guéret', 'tulle', 'argentat', 'collonges-la-rouge', 'oradour-sur-glane', 'ambazac', 'auzances', 'bellac', 'bessines-sur-gartempe', 'bonnat', 'bourganeuf', 'châlus', 'chambon-sur-voueize', 'chateauneuf-la-foret', 'egletons', 'eymoutiers', 'felletin', 'la-souterraine', 'le-dorat', 'lubersac', 'meymac', 'rochechouart', 'saint-germain-les-belles', 'saint-junien', 'saint-laurent-sur-gorre', 'saint-leonard-de-noblat', 'saint-yrieix-la-perche', 'treignac', 'ussel', 'uzerche']","[(45.8354243, 1.2644847), (48.7842759, -0.5521714), (45.1584982, 1.5332389), (46.1686865, 1.8713349), (45.2678158, 1.7706904), (45.0985199, 1.9238527517102222), (45.0604597, 1.6551231), (45.932778, 1.0325), (45.958226, 1.4019278), (46.0264742, 2.5010036), (46.1209036, 1.0502545), (46.1090993, 1.3685926), (46.327771, 1.9041401), (45.9545107, 1.7567677), (45.6516342, 0.9798059), (46.1886294, 2.425828), (45.7136201, 1.6074238), (45.4065225, 2.045018), (45.7389214, 1.7432748), (45.8843751, 2.1735208), (46.2383347, 1.4861387), (46.2144367, 1.0822603), (45.4456945, 1.4040072), (45.5366795, 2.1464895), (45.8218406, 0.8202782), (45.6141406, 1.495247), (45.8872222, 0.9011111), (45.7706201, 0.9572501), (45.8377349, 1.4924586), (45.5335103, 1.2583483036471546), (45.5365916, 1.7935339), (45.545591, 2.3119397), (45.4243315, 1.5637278)]"
lorraine,"['metz', 'epinal', 'nancy', 'verdun', 'vosges', 'gerardmer', 'thionville', 'vandoeuvre-les-nancy', 'amneville', 'bar-le-duc', 'bitche-parc-naturel-regional-des-vosges-du-nord', 'bouzonville', 'commercy', 'contrexeville', 'creutzwald', 'dieuze', 'forbach', 'hayange', 'la-bresse', 'le-thillot', 'ligny-en-barrois', 'longuyon', 'longwy', 'luneville', 'mirecourt', 'mont-saint-martin', 'neufchateau', 'pont-a-mousson-parc-naturel-regional-de-lorraine', 'remiremont', 'saint-avold', 'saint-die-des-vosges', 'saint-mihiel', 'sarralbe', 'sarrebourg', 'sarreguemines', 'toul']",Lorraine,"['metz', 'épinal', 'nancy', 'verdun', 'les-vosges', 'gérardmer', 'thionville', 'vandœuvre-lès-nancy', 'amnéville', 'bar-le-duc', 'bitche', 'bouzonville', 'commercy', 'contrexeville', 'creutzwald', 'dieuze', 'forbach', 'hayange', 'la-bresse', 'le-thillot', 'ligny-en-barrois', 'longuyon', 'longwy', 'lunéville', 'mirecourt', 'mont-saint-martin', 'neufchateau', 'pont-à-mousson', 'remiremont', 'saint-avold', 'saint-die-des-vosges', 'saint-mihiel', 'sarralbe', 'sarrebourg', 'sarreguemines', 'toul']","[(49.1196964, 6.1763552), (48.1747684, 6.4503643), (48.6937223, 6.1834097), (49.1589278, 5.3867277), (48.82912655, 2.2336560875098046), (48.0731443, 6.8795758), (49.3579272, 6.1675872), (48.6599676, 6.1724618), (49.2603613, 6.1420739), (48.7712673, 5.1623805), (49.0508729, 7.4254577), (49.292459, 6.5351273), (48.763203, 5.5914753), (48.180496, 5.8946281), (49.19959, 6.6893987), (48.8104847, 6.7179948), (49.1835376, 6.874619), (49.3304353, 6.0636733), (48.0066282, 6.8766915), (47.8809276, 6.7657953), (48.685936, 5.3253723), (49.4461066, 5.600732), (49.5145564, 5.7679082), (48.5916164, 6.4919563), (48.3005302, 6.1312974), (49.282103, 3.6389239), (48.3553014, 5.6948571), (48.9025946, 6.0547691), (48.0158951, 6.5912615), (49.1043397, 6.7071754), (48.2873153, 6.9477708), (48.891207, 5.5423046), (48.9998765, 7.0299169), (48.734239, 7.0557352), (49.1094836, 7.0708865), (48.6762624, 5.8941759)]"
midi-pyrenees,"['toulouse', 'agen', 'albi', 'auch-gers', 'cahors-lot', 'foix-ariege', 'ax-les-thermes', 'bagneres-de-bigorre', 'castres', 'figeac', 'gaillac', 'lourdes', 'mazamet', 'millau', 'montauban', 'pamiers', 'rocamadour', 'rodez-aveyron', 'tarbes', 'villefranche-de-rouergue', 'argeles-gazost', 'bagneres-de-luchon', 'brassac', 'cajarc', 'carmaux', 'castelsarrasin', 'caussade', 'cauterets-parc-national-des-pyrenees', 'cazeres', 'condom', 'cordes-sur-ciel', 'decazeville', 'eauze', 'espalion', 'fleurance', 'gourdon', 'gramat', 'graulhet', 'labruguiere', 'lacaune', 'lannemezan', 'lauzerte', 'lavaur', 'lavelanet', 'lectoure', 'mirande', 'moissac', 'muret', 'requista', 'saint-affrique', 'saint-cere', 'saint-gaudens', 'saint-girons', 'severac-le-chateau', 'souillac', 'tarascon-sur-ariege', 'vic-en-bigorre']",Midi-Pyrénées,"['toulouse', 'agen', 'albi', 'auch', 'cahors', 'foix', 'ax-les-thermes', 'bagnères-de-bigorre', 'castres', 'figeac', 'gaillac', 'lourdes', 'mazamet', 'millau', 'montauban', 'pamiers', 'rocamadour', 'rodez', 'tarbes', 'villefranche-de-rouergue', 'argelès-gazost', 'bagnères-de-luchon', 'brassac', 'cajarc', 'carmaux', 'castelsarrasin', 'caussade', 'cauterets', 'cazeres', 'condom', 'cordes-sur-ciel', 'decazeville', 'eauze', 'espalion', 'fleurance', 'gourdon', 'gramat', 'graulhet', 'labruguiere', 'lacaune', 'lannemezan', 'lauzerte', 'lavaur', 'lavelanet', 'lectoure', 'mirande', 'moissac', 'muret', 'requista', 'saint-affrique', 'saint-cere', 'saint-gaudens', 'saint-girons', 'severac-le-chateau', 'souillac', 'tarascon-sur-ariege', 'vic-en-bigorre']","[(43.6044622, 1.4442469), (44.2015827, 0.6176112), (43.9277552, 2.147899), (43.6463558, 0.5850507), (44.4495, 1.4364999), (42.9638998, 1.6053807), (42.7193597, 1.8379765), (43.0658212, 0.1530914), (49.8044444, 3.2383333), (44.6092335, 2.0324321), (43.9016766, 1.8967943), (43.0940904, -0.0464975), (43.4902317, 2.3764363), (44.1006693, 3.0777594), (44.0175835, 1.3549991), (43.1147515, 1.6082177), (44.7991877, 1.6183521), (44.3513062, 2.5727883), (43.232858, 0.0781021), (44.3517623, 2.0375431), (43.00511, -0.0997681), (42.7910617, 0.5912279), (42.9460893, 1.5368803), (44.486397, 1.8421185), (44.0496638, 2.1581754), (44.0395151, 1.1072875), (44.1608142, 1.5365375), (42.8893451, -0.114546), (43.2056788, 1.0865093), (43.9564563, 0.3745929), (44.0626, 1.95799), (44.5585148, 2.2542071), (43.8613741, 0.1007959), (44.5206809, 2.7616471), (43.849295, 0.6640617), (46.6414367, 4.4461818), (44.7789948, 1.723394), (43.7578, 1.99723), (43.5402951, 2.2634222), (43.7069971, 2.6908815), (43.1252298, 0.384241), (44.2565123, 1.1383233), (44.6129697, 1.0230515), (42.9332121, 1.8487179), (43.9352778, 0.6219444), (43.5143244, 0.4041473), (44.1050886, 1.0846682), (43.4599858, 1.3262332), (44.0332202, 2.5362291), (43.9580035, 2.8866641), (44.8586149, 1.8922748), (43.1077682, 0.7247218), (42.9841865, 1.1464455), (44.3229477, 3.0694018), (44.8980172, 1.46943), (42.8458016, 1.6067586), (43.3860159, 0.0548805)]"
nord-pas-de-calais,"['arras', 'cambrai', 'lille', 'touquet', 'valenciennes', 'berck', 'boulogne-sur-mer', 'calais', 'douai', 'dunkerque', 'lens', 'ambleteuse', 'armentieres', 'bethune', 'carvin', 'desvres', 'equihen-plage', 'fruges', 'grand-fort-philippe', 'gravelines', 'hazebrouck', 'henin-beaumont', 'hesdin', 'maubeuge', 'roubaix', 'saint-amand-les-eaux-parc-naturel-regional-scarpe-escaut', 'saint-omer', 'saint-pol-sur-ternoise', 'sangatte', 'tourcoing', 'vieux-conde', 'villeneuve-dascq', 'wimereux']",Nord-Pas-de-Calais,"['arras', 'cambrai', 'lille', 'touquet', 'valenciennes', 'berck', 'boulogne-sur-mer', 'calais', 'douai', 'dunkerque', 'lens', 'ambleteuse', 'armentières', 'béthune', 'carvin', 'desvres', 'equihen-plage', 'fruges', 'grand-fort-philippe', 'gravelines', 'hazebrouck', 'henin-beaumont', 'hesdin', 'maubeuge', 'roubaix', 'saint-amand-les-eaux', 'saint-omer', 'saint-pol-sur-ternoise', 'sangatte', 'tourcoing', 'vieux-conde', ""villeneuve-d'ascq"", 'wimereux']","[(50.291048, 2.7772211), (50.1759602, 3.2356613), (50.6365654, 3.0635282), (43.8661271, 0.3045809), (50.3579317, 3.5234846), (50.4052576, 1.5711617), (50.7259985, 1.6118771), (50.9488, 1.87468), (50.3675677, 3.0804641), (51.0347708, 2.3772525), (50.4291723, 2.8319805), (50.8112333, 1.6066691), (50.6867281, 2.882169), (50.5223438, 2.6385601), (50.4934145, 2.9577519), (50.6678737, 1.8348266), (50.679393, 1.5716648), (50.5150387, 2.1349286), (51.0014456, 2.1045965), (50.9870697, 2.1273118), (50.7226113, 2.5360331), (50.4194308, 2.9469926), (50.3730005, 2.0366141), (50.27964, 3.9674154), (50.6915893, 3.1741734), (50.4491519, 3.4281142), (50.7515771, 2.2534183), (50.3812113, 2.3361053), (50.9458037, 1.753713), (50.7235038, 3.1605714), (50.4724228, 3.5675784), (50.6193174, 3.1314002), (50.7696858, 1.6118608)]"
normandie,"['caen', 'bayeux', 'deauville', 'havre', 'rouen', 'alencon-orne', 'cabourg', 'chausey', 'cherbourg', 'dieppe', 'etretat', 'evreux-eure', 'fecamp', 'giverny', 'granville', 'honfleur', 'mont-saint-michel', 'ouistreham', 'saint-lo-manche', 'veules-les-roses', 'argentan', 'avranches', 'barentin', 'bernay', 'bernieres-sur-mer', 'blonville-sur-mer', 'bolbec', 'bricquebec', 'brionne', 'carentan', 'cauville-sur-mer', 'conches-en-ouche', 'conde-sur-noireau', 'courseulles-sur-mer', 'coutances', 'criel-sur-mer', 'domfront', 'duclair', 'elbeuf', 'falaise', 'fermanville', 'flamanville', 'flers', 'gaillon', 'gisors', 'gournay-en-bray', 'gouville-sur-mer', 'grandcamp-maisy', 'hautot-sur-mer', 'houlgate', 'langrune-sur-mer', 'le-treport', 'les-andelys', 'lisieux', 'luc-sur-mer', 'montivilliers', 'montmartin-sur-mer', 'mortagne-au-perche', 'neufchatel-en-bray', 'notre-dame-de-gravenchon', 'octeville-sur-mer', 'pacy-sur-eure', 'pont-audemer', 'pontorson', 'port-en-bessin-huppain', 'portbail', 'saint-aubin-sur-mer', 'saint-hilaire-du-harcouet', 'saint-jouin-bruneval', 'saint-martin-en-campagne', 'saint-pair-sur-mer', 'saint-romain-de-colbosc', 'saint-sebastien-de-morsent', 'saint-vaast-la-hougue', 'saint-valery-en-caux', 'sees', 'trouville-sur-mer', 'urville-nacqueville', 'valognes', 'ver-sur-mer', 'verneuil-sur-avre', 'vernon', 'villers-sur-mer', 'vire', 'yvetot']",Normandie,"['caen', 'bayeux', 'deauville', 'le-havre', 'rouen', 'alençon', 'cabourg', 'chausey', 'cherbourg-octeville', 'dieppe', 'étretat', 'évreux', 'fécamp', 'giverny', 'granville', 'honfleur', 'mont-saint-michel', 'ouistreham', 'saint-lô', 'veules-les-roses', 'argentan', 'avranches', 'barentin', 'bernay', 'bernieres-sur-mer', 'blonville-sur-mer', 'bolbec', 'bricquebec', 'brionne', 'carentan', 'cauville-sur-mer', 'conches-en-ouche', 'conde-sur-noireau', 'courseulles-sur-mer', 'coutances', 'criel-sur-mer', 'domfront', 'duclair', 'elbeuf', 'falaise', 'fermanville', 'flamanville', 'flers', 'gaillon', 'gisors', 'gournay-en-bray', 'gouville-sur-mer', 'grandcamp-maisy', 'hautot-sur-mer', 'houlgate', 'langrune-sur-mer', 'le-treport', 'les-andelys', 'lisieux', 'luc-sur-mer', 'montivilliers', 'montmartin-sur-mer', 'mortagne-au-perche', 'neufchatel-en-bray', 'notre-dame-de-gravenchon', 'octeville-sur-mer', 'pacy-sur-eure', 'pont-audemer', 'pontorson', 'port-en-bessin-huppain', 'portbail', 'saint-aubin-sur-mer', 'saint-hilaire-du-harcouet', 'saint-jouin-bruneval', 'saint-martin-en-campagne', 'saint-pair-sur-mer', 'saint-romain-de-colbosc', 'saint-sebastien-de-morsent', 'saint-vaast-la-hougue', 'saint-valery-en-caux', 'sees', 'trouville-sur-mer', 'urville-nacqueville', 'valognes', 'ver-sur-mer', 'verneuil-sur-avre', 'vernon', 'villers-sur-mer', 'vire', 'yvetot']","[(49.1828008, -0.3690815), (49.2764624, -0.7024738), (49.36, 0.0752778), (49.4938975, 0.1079732), (49.4404591, 1.0939658), (48.4312059, 0.0911374), (49.2934373, -0.1155085), (49.47586095, 1.0521911768672916), (49.6343543, -1.6285770868661507), (49.9246182, 1.0791444), (49.7074621, 0.2031905), (49.0268903, 1.1510164), (49.7577729, 0.374891), (49.0760895, 1.5271014), (48.8376284, -1.5959213), (49.4197222, 0.2338889), (48.6358559, -1.5126096), (49.2773562, -0.2579265), (49.1157004, -1.0906637), (49.8722029, 0.7990652), (48.7428859, -0.0223695), (48.688189, -1.3634379895766875), (49.5459699, 0.9522586), (49.0902278, 0.5989157), (49.3330556, -0.4205556), (49.3391667, 0.0313889), (49.5730959, 0.4733749), (49.4717312, -1.6321305), (49.1948931, 0.7181025), (49.30329, -1.2463444), (49.5952267, 0.1307202), (48.9621726, 0.9411911), (48.84902185, -0.565216636395482), (49.3333884, -0.4572861), (49.047792, -1.4454857), (50.0160928, 1.3139444), (49.6032078, 2.5553031), (49.482563, 0.8754968), (49.2871086, 1.0108998), (48.8964741, -0.1999129), (49.686865, -1.4416205), (49.6348243, 0.839636), (50.32053, 2.25255), (49.1605604, 1.3336126), (49.2789504, 1.777826), (49.4824794, 1.7241534), (49.097905749999995, -1.577379293627522), (49.3883142, -1.0413789), (49.8958976, 1.0341419), (49.3008653, -0.0751662), (49.3230556, -0.3716667), (50.0591099, 1.3827656), (49.2469193, 1.4215534), (49.1460831, 0.2255168), (49.3155556, -0.3544444), (49.5456435, 0.192418), (48.9885947, -1.5259385), (48.5205106, 0.5501095), (49.7350035, 1.4421413), (49.4898201, 0.5680054), (49.5553201, 0.1161519), (49.022157199999995, 1.3993509100095425), (49.3510904, 0.5213177), (48.57362635, -1.4981210717832734), (49.3460415, -0.755097), (49.3347454, -1.6980778), (49.8889942, 0.8768462), (48.5714837, -1.085461778865405), (49.6434514, 0.1618064), (49.962888, 1.2233302673434447), (48.8139133, -1.5665949), (49.5313601, 0.3579164), (49.006842, 1.0890917), (49.5877016, -1.2662184), (49.8597004, 0.7106831), (48.603378, 0.1734544), (49.3683333, 0.0825), (49.672978, -1.7378289), (49.5089547, -1.4708174), (49.3319444, -0.5283333), (48.7386515, 0.9295044), (49.0917814, 1.4886571), (49.3214437, -0.0052517), (48.8517468, -0.8872594458318377), (49.6179384, 0.7538866)]"
pays-de-la-loire,"['nantes', 'angers', 'laval-mayenne', 'mans-sarthe', 'saint-nazaire', 'la-roche-sur-yon', 'cholet', 'croisic', 'guerande', 'ile-dyeu', 'ile-de-noirmoutier', 'la-baule', 'la-tranche-sur-mer', 'mayenne', 'pornic', 'puy-du-fou', 'sables-dolonne', 'saint-gilles-croix-de-vie', 'saint-jean-de-monts', 'saumur', 'aizenay', 'ancenis', 'batz-sur-mer', 'beauvoir-sur-mer', 'bretignolles-sur-mer', 'challans', 'chalonnes-sur-loire', 'chantonnay', 'chateau-du-loir', 'chateau-gontier', 'ch-teaubriant', 'doue-la-fontaine', 'ernee', 'fontenay-le-comte', 'guemene-penfao', 'la-bernerie-en-retz', 'la-ferte-bernard', 'la-fleche', 'la-plaine-sur-mer', 'la-turballe', 'le-pouliguen', 'les-herbiers', 'les-rosiers-sur-loire', 'longeville-sur-mer', 'lucon', 'machecoul', 'piriac-sur-mer', 'pontch-teau', 'pornichet', 'pouzauges', 'sable-sur-sarthe', 'saint-brevin-les-pins', 'saint-hilaire-de-riez', 'saint-philbert-de-grand-lieu']",Pays de la Loire,"['nantes', 'angers', 'laval', 'le-mans', 'saint-nazaire', 'la-vendée', 'cholet', 'le-croisic', 'guérande', ""l'île-d'yeu"", ""l'île-de-noirmoutier"", 'la-baule', 'la-tranche-sur-mer', 'mayenne', 'pornic', 'puy-du-fou', ""les-sables-d'olonne"", 'saint-gilles-croix-de-vie', 'saint-jean-de-monts', 'saumur', 'aizenay', 'ancenis', 'batz-sur-mer', 'beauvoir-sur-mer', 'bretignolles-sur-mer', 'challans', 'chalonnes-sur-loire', 'chantonnay', 'chateau-du-loir', 'chateau-gontier', 'châteaubriant', 'doue-la-fontaine', 'ernee', 'fontenay-le-comte', 'guemene-penfao', 'la-bernerie-en-retz', 'la-ferte-bernard', 'la-fleche', 'la-plaine-sur-mer', 'la-turballe', 'le-pouliguen', 'les-herbiers', 'les-rosiers-sur-loire', 'longeville-sur-mer', 'lucon', 'machecoul', 'piriac-sur-mer', 'pontchâteau', 'pornichet', 'pouzauges', 'sable-sur-sarthe', 'saint-brevin-les-pins', 'saint-hilaire-de-riez', 'saint-philbert-de-grand-lieu']","[(47.2186371, -1.5541362), (47.4739884, -0.5515588), (48.0710377, -0.7723499), (48.0073498, 0.1967379), (47.2733517, -2.2138905), (46.67577325, -1.29144634801388), (47.0617293, -0.8801349), (47.2933971, -2.5094404), (47.3282126, -2.4298014), (46.71018105, -2.3491769005046605), (48.8986959, 2.1909508676550247), (47.2843726, -2.3951595), (46.3440097, -1.4380541), (48.1507819, -0.6491273812007092), (47.1152695, -2.1040102), (46.88874535, -0.929695552053927), (46.5002031, -1.7924568493808075), (46.692985, -1.9254545), (46.7936111, -2.0588889), (47.2596224, -0.0785177), (46.7391356, -1.6086524), (47.3648141, -1.1816088), (47.2771383, -2.4791931), (46.9169461, -2.0413971), (46.6286111, -1.8538889), (46.847943, -1.8773787), (47.3516207, -0.76311), (46.6868121, -1.0505509), (47.6995205, 0.4310473863354066), (47.8263058, -0.7066665), (47.7194057, -1.3757282), (47.19224005, -0.27589532041237075), (48.2967935, -0.9351069), (46.4661122, -0.8063735), (47.6294113, -1.8328831), (47.0814025, -2.0383793), (48.1860576, 0.6554511), (47.6968408, -0.0746149), (47.1381083, -2.1915862), (47.3468646, -2.5080068), (47.2714307, -2.4310663), (46.8714322, -1.0150302), (47.3765554, -0.2279977395352395), (46.4251677, -1.488347), (15.5919633, 120.73979025093563), (46.9919694, -1.848034198853211), (47.3805342, -2.5479201), (47.4373374, -2.0880233), (47.2613293, -2.3364238), (46.7830556, -0.8361111), (47.8400712, -0.3352048), (47.2473358, -2.1677298), (46.7219444, -1.9441667), (47.0359151, -1.6405396)]"
picardie,"['amiens', 'baie-de-somme', 'beauvais-oise', 'chantilly', 'laon-aisne', 'abbeville', 'compiegne', 'fort-mahon-plage', 'laon', 'saint-quentin', 'senlis', 'soissons', 'albert', 'ault', 'cayeux-sur-mer', 'ch-teau-thierry', 'chauny', 'creil', 'crepy-en-valois', 'doullens', 'flixecourt', 'friville-escarbotin', 'grandvilliers', 'guise', 'hirson', 'le-crotoy', 'mers-les-bains', 'meru', 'montdidier', 'nogent-sur-oise', 'noyon', 'peronne', 'pont-sainte-maxence', 'saint-just-en-chaussee', 'tergnier', 'villers-cotterets']",Picardie,"['amiens', 'baie-de-somme', 'beauvais', 'chantilly', 'laon', 'abbeville', 'compiègne', 'fort-mahon-plage', 'laon', 'saint-quentin', 'senlis', 'soissons', 'albert', 'ault', 'cayeux-sur-mer', 'château-thierry', 'chauny', 'creil', 'crépy-en-valois', 'doullens', 'flixecourt', 'friville-escarbotin', 'grandvilliers', 'guise', 'hirson', 'le-crotoy', 'mers-les-bains', 'meru', 'montdidier', 'nogent-sur-oise', 'noyon', 'peronne', 'pont-sainte-maxence', 'saint-just-en-chaussee', 'tergnier', 'villers-cotterêts']","[(49.8941708, 2.2956951), (50.1265874, 1.7980993), (49.4300997, 2.0823355), (49.1923042, 2.46575), (49.564665, 3.620686), (50.1060835, 1.8337029), (49.4179497, 2.8263171), (50.3414288, 1.5683131), (49.564665, 3.620686), (49.8465253, 3.2876843), (50.5331612, 2.1523287), (49.3837621, 3.327613), (50.0018022, 2.6509223), (50.1015635, 1.4473006), (50.1792004, 1.4933839), (49.0457362, 3.4027111), (49.6148945, 3.2189506), (49.2607914, 2.4733771), (49.2358509, 2.8900507), (50.1572085, 2.3410532), (50.0117096, 2.082582), (50.0869946, 1.5452219), (49.6647765, 1.9428278), (49.8982325, 3.6262542), (49.9203419, 4.0837186), (50.2165693, 1.624047), (50.0656325, 1.3889703), (49.2361978, 2.1355087), (49.6460204, 2.570196), (49.2744711, 2.4676727), (49.5805561, 3.0000288), (49.9289578, 2.9321899), (49.3012483, 2.6045838), (49.5052334, 2.4337604), (49.6558465, 3.2918511), (49.2549479, 3.0909275)]"
poitou-charentes,"['la-rochelle', 'angouleme-charente', 'ile-de-re', 'niort', 'poitiers', 'royan', 'chatellerault', 'cognac', 'fouras', 'futuroscope', 'ile-d-oleron', 'ile-daix', 'la-palmyre', 'marais-poitevin', 'rochefort', 'saintes-charente-maritime', 'abzac', 'angoulins', 'barbezieux-saint-hilaire', 'bressuire', 'cerizay', 'chatelaillon-plage', 'chauray', 'chauvigny', 'chef-boutonne', 'civray', 'confolens', 'esnandes', 'jarnac', 'jonzac', 'la-tremblade', 'loudun', 'marennes', 'meschers-sur-gironde', 'montendre', 'montmorillon', 'mortagne-sur-gironde', 'nieul-sur-mer', 'pamproux', 'parthenay', 'pons', 'port-des-barques', 'rouillac', 'saint-aigulin', 'saint-denis-doleron', 'saint-georges-de-didonne', 'saint-hilaire-la-palud', 'saint-jean-dangely', 'saint-palais-sur-mer', 'saint-trojan-les-bains', 'saujon', 'surgeres', 'thouars', 'tonnay-charente', 'vaux-sur-mer']",Poitou-Charentes,"['la-rochelle', 'angoulême', 'île-de-ré', 'niort', 'poitiers', 'royan', 'châtellerault', 'cognac', 'fouras', 'futuroscope', 'île-d’oléron', ""l'île-d'aix"", 'la-palmyre', 'marais-poitevin', 'rochefort', 'saintes', 'abzac', 'angoulins', 'barbezieux-saint-hilaire', 'bressuire', 'cerizay', 'chatelaillon-plage', 'chauray', 'chauvigny', 'chef-boutonne', 'civray', 'confolens', 'esnandes', 'jarnac', 'jonzac', 'la-tremblade', 'loudun', 'marennes', 'meschers-sur-gironde', 'montendre', 'montmorillon', 'mortagne-sur-gironde', 'nieul-sur-mer', 'pamproux', 'parthenay', 'pons', 'port-des-barques', 'rouillac', 'saint-aigulin', ""saint-denis-d'oleron"", 'saint-georges-de-didonne', 'saint-hilaire-la-palud', ""saint-jean-d'angely"", 'saint-palais-sur-mer', 'saint-trojan-les-bains', 'saujon', 'surgeres', 'thouars', 'tonnay-charente', 'vaux-sur-mer']","[(46.1591126, -1.1520434), (45.6512748, 0.1576745), (46.20055875, -1.4003288299697836), (46.3239455, -0.4645212), (46.5802596, 0.340196), (45.6245332, -1.0287636), (46.8180047, 0.545812), (45.6931647, -0.3250175), (45.9883689, -1.0935837), (46.667133500000006, 0.367084804542812), (45.9235471, -1.2878107515507735), (46.0220002, -1.161173), (34.5526608, 38.259261004689264), (46.3338232, -0.6661109), (45.9442642, -0.9690432), (45.7420801, -0.6299329), (45.0103526, -0.1278267), (46.1049651, -1.1093352), (45.4709095, -0.1528288), (46.8425572, -0.4929017), (46.8207452, -0.6672118), (46.0738633, -1.0903991), (46.3606879, -0.3745955), (46.5695048, 0.6439464), (46.1087283, -0.0684626), (46.1508396, 0.2950117), (46.0150236, 0.6728934), (46.250278, -1.113611), (45.6791182, -0.1740904), (45.4454469, -0.4320984), (45.7687967, -1.1420694), (47.0102263, 0.081826), (45.8224965, -1.1127949839974698), (45.558105, -0.9538537), (45.285404, -0.4095433), (46.4249573, 0.8682027), (45.4836488, -0.7868162), (46.2077, -1.16224), (46.3953341, -0.0557604), (46.6481266, -0.2472687), (45.5792284, -0.5471901), (45.9483853, -1.0775879), (48.3093474, -2.3667022), (45.1579557, -0.0086859), (46.033611, -1.3775), (45.6028285, -0.9902612), (46.2641335, -0.713402), (45.941, -0.519141), (45.6486446, -1.0743343), (45.8423204, -1.2069119), (45.6742681, -0.9244473), (46.1052715, -0.7511152), (46.983202750000004, -0.2057893552874009), (45.9444898, -0.892337), (45.6452, -1.05756)]"
provence-alpes-c-te-d-azur,"['marseille', 'menton', 'nice', 'saint-tropez', 'toulon', 'aix-en-provence', 'antibes', 'avignon', 'cannes', 'cassis', 'frejus', 'gap-hautes-alpes', 'hyeres', 'juan-les-pins', 'la-ciotat', 'lavandou', 'monaco', 'orange', 'saint-raphael', 'sainte-maxime', 'apt-parc-naturel-regional-du-luberon', 'arles', 'aubagne', 'bandol', 'bormes-les-mimosas', 'briancon', 'brignoles', 'carpentras', 'carros', 'castellane', 'cavaillon', 'cavalaire', 'digne-les-bains', 'draguignan', 'embrun', 'forcalquier', 'grasse', 'ile-saint-honorat', 'ile-sainte-marguerite', 'porquerolles-portcros-levant', 'la-fos-sur-mer', 'la-londe-les-maures', 'manosque', 'ramatuelle', 'saint-laurent-du-var', 'salon-de-provence', 'sanary-sur-mer', 'sisteron', 'six-fours-les-plages', 'allauch', 'beaulieu-sur-mer', 'bollene', 'cagnes-sur-mer', 'cap-dail', 'carry-le-rouet', 'contes', 'gardanne', 'guillestre', 'istres', 'lisle-sur-la-sorgue', 'la-seyne-sur-mer', 'lambesc', 'laragne-monteglin', 'le-pradet', 'mandelieu', 'marignane', 'martigues', 'miramas', 'oraison', 'pernes-les-fontaines', 'pertuis', 'piolenc', 'port-de-bouc', 'port-saint-louis-du-rhone', 'roquebrune-cap-martin', 'roquebrune-sur-argens', 'saint-cyr-sur-mer', 'saint-jean-cap-ferrat', 'saint-mandrier-sur-mer', 'saint-martin-de-crau', 'saint-maximin-la-sainte-baume', 'saint-remy-de-provence', 'sorgues', 'tarascon', 'vaison-la-romaine', 'vallauris', 'valreas', 'vence', 'veynes', 'villefranche-sur-mer', 'vitrolles']",Provence-Alpes-Côte d’Azur,"['marseille', 'menton', 'nice', 'saint-tropez', 'toulon', 'aix-en-provence', 'antibes', 'avignon', 'cannes', 'cassis', 'fréjus', 'gap', 'hyères', 'juan-les-pins', 'la-ciotat', 'le-lavandou', 'monaco', 'orange', 'saint-raphaël', 'sainte-maxime', 'apt', 'arles', 'aubagne', 'bandol', 'bormes-les-mimosas', 'briançon', 'brignoles', 'carpentras', 'carros', 'castellane', 'cavaillon', 'cavalaire', 'digne-les-bains', 'draguignan', 'embrun', 'forcalquier', 'grasse', ""l'île-saint-honorat"", ""l'île-sainte-marguerite"", ""les-îles-d'or"", 'la-fos-sur-mer', 'la-londe-les-maures', 'manosque', 'ramatuelle', 'saint-laurent-du-var', 'salon-de-provence', 'sanary-sur-mer', 'sisteron', 'six-fours-les-plages', 'allauch', 'beaulieu-sur-mer', 'bollene', 'cagnes-sur-mer', ""cap-d'ail"", 'carry-le-rouet', 'contes', 'gardanne', 'guillestre', 'istres', ""l'isle-sur-la-sorgue"", 'la-seyne-sur-mer', 'lambesc', 'laragne-monteglin', 'le-pradet', 'mandelieu', 'marignane', 'martigues', 'miramas', 'oraison', 'pernes-les-fontaines', 'pertuis', 'piolenc', 'port-de-bouc', 'port-saint-louis-du-rhone', 'roquebrune-cap-martin', 'roquebrune-sur-argens', 'saint-cyr-sur-mer', 'saint-jean-cap-ferrat', 'saint-mandrier-sur-mer', 'saint-martin-de-crau', 'saint-maximin-la-sainte-baume', 'saint-rémy-de-provence', 'sorgues', 'tarascon', 'vaison-la-romaine', 'vallauris', 'valreas', 'vence', 'veynes', 'villefranche-sur-mer', 'vitrolles']","[(43.2961743, 5.3699525), (43.7753495, 7.5029213), (43.7009358, 7.2683912), (43.2727191, 6.6405225), (43.1257311, 5.9304919), (43.5298424, 5.4474738), (43.5836, 7.10905), (43.9492493, 4.8059012), (43.5515198, 7.0134418), (43.2140359, 5.5396318), (43.4330308, 6.7360182), (44.5611978, 6.0820018), (43.1202573, 6.1301614), (43.5676357, 7.1141716), (43.1758591, 5.6062495), (43.1383795, 6.3701286), (43.7323492, 7.4276832), (33.7500378, -117.8704931), (45.3043079, 1.0747165), (43.30871, 6.637714), (43.8757936, 5.3970648), (43.6776223, 4.6309653), (43.2924385, 5.5703031), (43.1357717, 5.7523647), (43.1506968, 6.3419285), (44.8984037, 6.6436313), (43.4064401, 6.0616452), (44.0554997, 5.048752), (43.7846, 7.18785), (43.8462177, 6.5131814), (43.8356808, 5.0383522), (43.1722952, 6.531917), (44.0918144, 6.2351431), (43.5374662, 6.4627333), (44.5642457, 6.4957085), (43.9585575, 5.780446), (43.6589011, 6.9239103), (43.5705703, 7.107069), (47.2535358, -2.3112544), (43.4680558, 5.0081062), (43.4380714, 4.945595), (43.1381313, 6.2355346), (43.8338026, 5.7826657), (43.215142, 6.6128041), (43.6690101, 7.1906969), (43.6405237, 5.0980225), (43.1177238, 5.8008839), (44.1963467, 5.9443791), (43.0935105, 5.8393953), (43.3351381, 5.4832687), (43.7088, 7.33375), (44.2803882, 4.7484092), (43.6612012, 7.1513834), (43.7230453, 7.3969373), (43.3316442, 5.1522977), (50.4073056, 1.9650258), (43.455613, 5.4710661), (44.6616617, 6.6497727), (43.5139051, 4.9884323), (43.9185354, 5.0515385), (43.1007714, 5.8788948), (43.6541997, 5.2620916), (44.3148916, 5.8230176), (43.1037608, 6.0223774), (51.3620358, 0.0612188), (43.4162729, 5.2146275), (43.4057279, 5.0548176), (43.582733, 5.0025809), (43.9166157, 5.919898), (43.9984627, 5.059255), (45.0969383, 4.059229), (44.178621, 4.7628292), (43.403098, 4.9806998), (43.3890531, 4.8026354), (43.7641047, 7.4565697), (43.4433565, 6.6363623), (43.1810087, 5.711516), (43.6899651, 7.3327399), (43.0761, 5.92658), (43.6384247, 4.8102927), (43.4522053, 5.862294), (43.7885782, 4.8317498), (44.0066403, 4.8725016), (42.8458016, 1.6067586), (44.2407641, 5.075737), (43.5761001, 7.05859), (44.3851455, 4.9906089), (43.7226704, 7.1114175), (44.5349009, 5.8244718), (43.7042317, 7.309969), (44.4347105, 5.9496043)]"
rh-ne-alpes,"['lyon', 'annecy-haute-savoie', 'ardeche', 'bourg-en-bresse-ain', 'chambery', 'grenoble-isere', 'chamonix', 'aix-les-bains', 'dr-me', 'montelimar', 'nyons', 'parc-national-des-cevennes', 'roanne', 'saint-etienne', 'savoie', 'thonon-les-bains', 'albertville', 'amberieu-en-bugey', 'annemasse', 'bellegarde-sur-valserine', 'bonneville', 'bourg-saint-maurice', 'bourgoin', 'chatillon-sur-chalaronne', 'cluses', 'firminy', 'givors', 'hauteville-lompnes', 'la-cote-saint-andre', 'la-roche-sur-foron', 'megeve', 'modane', 'montbrison', 'oyonnax', 'passy', 'pierrelatte', 'rive-de-gier', 'romans-sur-isere', 'rumilly', 'saint-chamond', 'saint-gervais-les-bains', 'saint-jean-de-maurienne', 'saint-julien-en-genevois', 'sallanches', 'tarare', 'tournon-sur-rh-ne', 'val-disere', 'valence', 'vienne', 'villars-les-dombes', 'villefranche-sur-sa-ne', 'voiron']",Rhône-Alpes,"['lyon', 'annecy', 'ardèche', 'bourg-en-bresse', 'chambéry', 'grenoble', 'chamonix', 'aix-les-bains', 'drôme', 'montélimar', 'nyons', 'le-parc-national-des-cévennes', 'roanne', 'saint-étienne', 'la-savoie', 'thonon-les-bains', 'albertville', 'ambérieu-en-bugey', 'annemasse', 'bellegarde-sur-valserine', 'bonneville', 'bourg-saint-maurice', 'bourgoin', 'chatillon-sur-chalaronne', 'cluses', 'firminy', 'givors', 'hauteville-lompnes', 'la-cote-saint-andre', 'la-roche-sur-foron', 'megève', 'modane', 'montbrison', 'oyonnax', 'passy', 'pierrelatte', 'rive-de-gier', 'romans-sur-isère', 'rumilly', 'saint-chamond', 'saint-gervais-les-bains', 'saint-jean-de-maurienne', 'saint-julien-en-genevois', 'sallanches', 'tarare', 'tournon-sur-rhône', ""val-d'isère"", 'valence', 'vienne', 'villars-les-dombes', 'villefranche-sur-saône', 'voiron']","[(45.7578137, 4.8320114), (45.8992348, 6.1288847), (44.815194000000005, 4.3986524702343965), (46.2051192, 5.2250324), (45.5662672, 5.9203636), (45.1875602, 5.7357819), (45.9246705, 6.8727506), (45.6886292, 5.9146362), (44.72964575, 5.204559599996514), (44.5579391, 4.750318), (44.3555, 5.12838), (44.24639265, 3.7364863668649315), (46.0345572, 4.0729178), (45.4401467, 4.3873058), (45.494895150000005, 6.384660381375652), (46.3731303, 6.4779448), (45.6754622, 6.3925417), (45.9584309, 5.3595099), (46.1934005, 6.2341093), (46.1073321, 5.830749559824268), (50.082567, 2.2486687), (45.6185284, 6.7694313), (45.5872259, 5.2828123), (46.1191397, 4.9580413), (46.0603171, 6.5804218), (45.3869468, 4.2858545), (45.5844238, 4.7696529), (45.9622617, 5.578294363279669), (45.3937745, 5.2604941), (46.0672347, 6.3125923), (45.8567089, 6.617932), (45.2015369, 6.6728169), (45.6072875, 4.0627318), (46.2476592, 5.673359347171946), (46.5412837, 4.5343419), (44.3778474, 4.6976609), (45.5288401, 4.6187386), (45.0458886, 5.0528681), (50.57651, 2.01477), (45.4748298, 4.5098046), (45.8928549, 6.7113338), (45.2775258, 6.3453329), (46.1444789, 6.0812467), (45.9361246, 6.6302551), (45.8942555, 4.4371374), (45.0675156, 4.832852), (45.4498666, 6.9804421), (39.4697065, -0.3763353), (48.2083537, 16.3725042), (46.0014072, 5.029519), (45.9864749, 4.726611), (45.3631386, 5.5910751)]"
